-- modernisasi_pengelolaan_blu table
INSERT INTO dashboard.modernisasi_pengelolaan_blu (periode, semester, id_user, entry_id) 
VALUES ('2022-06-30',1, '00ddc619-7a8f-42ea-ad4a-e43a8d0e4a9f', '221c4400-e29b-41d4-a716-446655440000');

-- integrasi_data table
INSERT INTO dashboard.integrasi_data (id, ID_secret_key_dev, ID_pengiriman_data_dev, ID_otomasi_pengiriman, ID_secret_key_prod, ID_pengiriman_data_prod, ID_jumlah_pengiriman_data_harian, ID_jumlah_data_keuangan, ID_jumlah_data_layanan, ID_jumlah_data_sdm, ID_jumlah_total_data) 
VALUES ('221c4400-e29b-41d4-a716-446655440000', TRUE, TRUE, TRUE, TRUE, TRUE, 365, 2, 10, 5, 17);

-- analitika_data table
INSERT INTO dashboard.analitika_data (id, AD_layanan_kinerja, AD_layanan_jumlah_pengguna, AD_layanan_trend_pemberian_layanan, AD_layanan_hasil_survey_pengguna, AD_layanan_akses_PPKBLU, AD_keuangan_realisasi_PB, AD_keuangan_jumlah_kas, AD_keuangan_saldo_rekening_blu, AD_keuangan_analisis_data_keuangan, AD_keuangan_akses_PPKBLU, AD_sdm_komposisi_sdm, AD_sdm_profil_sdm, AD_sdm_analisis_kebutuhan_pegawai, AD_sdm_analisis_beban_kerja, AD_sdm_analisis_kinerja_pegawai, AD_sdm_training_need_analysis, AD_jumlah_dashboard_pendukung) 
VALUES ('221c4400-e29b-41d4-a716-446655440000', TRUE, TRUE, TRUE, TRUE, TRUE, TRUE, TRUE, TRUE, TRUE, TRUE, TRUE, TRUE, TRUE, TRUE, TRUE, TRUE, 2);

-- sistem_informasi_manajemen table
INSERT INTO dashboard.sistem_informasi_manajemen (id, sim_keuangan_penerimaan_blu, sim_keuangan_pengeluaran_blu, sim_keuangan_pencatatan_saldo_blu, sim_layanan_pencatatan_blu, sim_layanan_integrasi_keuangan, sim_sdm_pencatatan_sdm, sim_sdm_kinerja_sdm) 
VALUES ('221c4400-e29b-41d4-a716-446655440000', TRUE, TRUE, TRUE, TRUE, TRUE, TRUE, TRUE);

-- website table
INSERT INTO dashboard.website (id, web_uji_performa_akses, web_informasi_profil_BLU, web_informasi_layanan_BLU,web_tata_kelola_blu, web_fitur_pengaduan, web_survey_layanan) 
VALUES ('221c4400-e29b-41d4-a716-446655440000', 0.87, TRUE, TRUE, TRUE, TRUE,TRUE);

-- extramiles
INSERT INTO dashboard.extramiles (id, id_pengiriman_data, sim_mobile_layanan, web_seo,ad_sdm_khusus, ad_analisis_prediktif) 
VALUES ('221c4400-e29b-41d4-a716-446655440000', 3, TRUE, TRUE, TRUE, TRUE);

--??????????

-- modernisasi_pengelolaan_blu table
INSERT INTO dashboard.modernisasi_pengelolaan_blu (periode, semester, id_user, entry_id) 
VALUES ('2022-12-31',2, '00ddc619-7a8f-42ea-ad4a-e43a8d0e4a9f', '222c4400-e29b-41d4-a716-446655440000');

-- integrasi_data table
INSERT INTO dashboard.integrasi_data (id, ID_secret_key_dev, ID_pengiriman_data_dev, ID_otomasi_pengiriman, ID_secret_key_prod, ID_pengiriman_data_prod, ID_jumlah_pengiriman_data_harian, ID_jumlah_data_keuangan, ID_jumlah_data_layanan, ID_jumlah_data_sdm, ID_jumlah_total_data) 
VALUES ('222c4400-e29b-41d4-a716-446655440000', TRUE, TRUE, TRUE, TRUE, TRUE, 365, 2, 10, 5, 17);

-- analitika_data table
INSERT INTO dashboard.analitika_data (id, AD_layanan_kinerja, AD_layanan_jumlah_pengguna, AD_layanan_trend_pemberian_layanan, AD_layanan_hasil_survey_pengguna, AD_layanan_akses_PPKBLU, AD_keuangan_realisasi_PB, AD_keuangan_jumlah_kas, AD_keuangan_saldo_rekening_blu, AD_keuangan_analisis_data_keuangan, AD_keuangan_akses_PPKBLU, AD_sdm_komposisi_sdm, AD_sdm_profil_sdm, AD_sdm_analisis_kebutuhan_pegawai, AD_sdm_analisis_beban_kerja, AD_sdm_analisis_kinerja_pegawai, AD_sdm_training_need_analysis, AD_jumlah_dashboard_pendukung) 
VALUES ('222c4400-e29b-41d4-a716-446655440000', TRUE, TRUE, TRUE, TRUE, TRUE, TRUE, TRUE, TRUE, TRUE, TRUE, TRUE, TRUE, TRUE, TRUE, TRUE, TRUE, 2);

-- sistem_informasi_manajemen table
INSERT INTO dashboard.sistem_informasi_manajemen (id, sim_keuangan_penerimaan_blu, sim_keuangan_pengeluaran_blu, sim_keuangan_pencatatan_saldo_blu, sim_layanan_pencatatan_blu, sim_layanan_integrasi_keuangan, sim_sdm_pencatatan_sdm, sim_sdm_kinerja_sdm) 
VALUES ('222c4400-e29b-41d4-a716-446655440000', TRUE, TRUE, TRUE, TRUE, TRUE, TRUE, TRUE);

-- website table
INSERT INTO dashboard.website (id, web_uji_performa_akses, web_informasi_profil_BLU, web_informasi_layanan_BLU,web_tata_kelola_blu, web_fitur_pengaduan, web_survey_layanan) 
VALUES ('222c4400-e29b-41d4-a716-446655440000', 0.87, TRUE, TRUE, TRUE, TRUE,TRUE);

-- extramiles
INSERT INTO dashboard.extramiles (id, id_pengiriman_data, sim_mobile_layanan, web_seo,ad_sdm_khusus, ad_analisis_prediktif) 
VALUES ('222c4400-e29b-41d4-a716-446655440000', 3, TRUE, TRUE, TRUE, TRUE);

-- modernisasi_pengelolaan_blu table
INSERT INTO dashboard.modernisasi_pengelolaan_blu (periode, semester, id_user, entry_id) 
VALUES ('2023-06-30',1, '00ddc619-7a8f-42ea-ad4a-e43a8d0e4a9f', '231c4400-e29b-41d4-a716-446655440000');

--????????????????


-- modernisasi_pengelolaan_blu table
INSERT INTO dashboard.modernisasi_pengelolaan_blu (periode, semester, id_user, entry_id) 
VALUES ('2023-06-30',1, '00ddc619-7a8f-42ea-ad4a-e43a8d0e4a9f', '231c4400-e29b-41d4-a716-446655440000');

-- integrasi_data table
INSERT INTO dashboard.integrasi_data (id, ID_secret_key_dev, ID_pengiriman_data_dev, ID_otomasi_pengiriman, ID_secret_key_prod, ID_pengiriman_data_prod, ID_jumlah_pengiriman_data_harian, ID_jumlah_data_keuangan, ID_jumlah_data_layanan, ID_jumlah_data_sdm, ID_jumlah_total_data) 
VALUES ('231c4400-e29b-41d4-a716-446655440000', TRUE, TRUE, TRUE, TRUE, TRUE, 365, 2, 10, 5, 17);

-- analitika_data table
INSERT INTO dashboard.analitika_data (id, AD_layanan_kinerja, AD_layanan_jumlah_pengguna, AD_layanan_trend_pemberian_layanan, AD_layanan_hasil_survey_pengguna, AD_layanan_akses_PPKBLU, AD_keuangan_realisasi_PB, AD_keuangan_jumlah_kas, AD_keuangan_saldo_rekening_blu, AD_keuangan_analisis_data_keuangan, AD_keuangan_akses_PPKBLU, AD_sdm_komposisi_sdm, AD_sdm_profil_sdm, AD_sdm_analisis_kebutuhan_pegawai, AD_sdm_analisis_beban_kerja, AD_sdm_analisis_kinerja_pegawai, AD_sdm_training_need_analysis, AD_jumlah_dashboard_pendukung) 
VALUES ('231c4400-e29b-41d4-a716-446655440000', TRUE, TRUE, TRUE, TRUE, TRUE, TRUE, TRUE, TRUE, TRUE, TRUE, TRUE, TRUE, TRUE, TRUE, TRUE, TRUE, 2);

-- sistem_informasi_manajemen table
INSERT INTO dashboard.sistem_informasi_manajemen (id, sim_keuangan_penerimaan_blu, sim_keuangan_pengeluaran_blu, sim_keuangan_pencatatan_saldo_blu, sim_layanan_pencatatan_blu, sim_layanan_integrasi_keuangan, sim_sdm_pencatatan_sdm, sim_sdm_kinerja_sdm) 
VALUES ('231c4400-e29b-41d4-a716-446655440000', TRUE, TRUE, TRUE, TRUE, TRUE, TRUE, TRUE);

-- website table
INSERT INTO dashboard.website (id, web_uji_performa_akses, web_informasi_profil_BLU, web_informasi_layanan_BLU,web_tata_kelola_blu, web_fitur_pengaduan, web_survey_layanan) 
VALUES ('231c4400-e29b-41d4-a716-446655440000', 0.87, TRUE, TRUE, TRUE, TRUE,TRUE);

-- extramiles
INSERT INTO dashboard.extramiles (id, id_pengiriman_data, sim_mobile_layanan, web_seo,ad_sdm_khusus, ad_analisis_prediktif) 
VALUES ('231c4400-e29b-41d4-a716-446655440000', 3, TRUE, TRUE, TRUE, TRUE);


--??????

-- modernisasi_pengelolaan_blu table
INSERT INTO dashboard.modernisasi_pengelolaan_blu (periode, semester, id_user, entry_id) 
VALUES ('2023-12-31',2, '00ddc619-7a8f-42ea-ad4a-e43a8d0e4a9f', '232c4400-e29b-41d4-a716-446655440000');

-- integrasi_data table
INSERT INTO dashboard.integrasi_data (id, ID_secret_key_dev, ID_pengiriman_data_dev, ID_otomasi_pengiriman, ID_secret_key_prod, ID_pengiriman_data_prod, ID_jumlah_pengiriman_data_harian, ID_jumlah_data_keuangan, ID_jumlah_data_layanan, ID_jumlah_data_sdm, ID_jumlah_total_data) 
VALUES ('232c4400-e29b-41d4-a716-446655440000', TRUE, TRUE, TRUE, TRUE, TRUE, 365, 2, 10, 5, 17);

-- analitika_data table
INSERT INTO dashboard.analitika_data (id, AD_layanan_kinerja, AD_layanan_jumlah_pengguna, AD_layanan_trend_pemberian_layanan, AD_layanan_hasil_survey_pengguna, AD_layanan_akses_PPKBLU, AD_keuangan_realisasi_PB, AD_keuangan_jumlah_kas, AD_keuangan_saldo_rekening_blu, AD_keuangan_analisis_data_keuangan, AD_keuangan_akses_PPKBLU, AD_sdm_komposisi_sdm, AD_sdm_profil_sdm, AD_sdm_analisis_kebutuhan_pegawai, AD_sdm_analisis_beban_kerja, AD_sdm_analisis_kinerja_pegawai, AD_sdm_training_need_analysis, AD_jumlah_dashboard_pendukung) 
VALUES ('232c4400-e29b-41d4-a716-446655440000', TRUE, TRUE, TRUE, TRUE, TRUE, TRUE, TRUE, TRUE, TRUE, TRUE, TRUE, TRUE, TRUE, TRUE, TRUE, TRUE, 2);

-- sistem_informasi_manajemen table
INSERT INTO dashboard.sistem_informasi_manajemen (id, sim_keuangan_penerimaan_blu, sim_keuangan_pengeluaran_blu, sim_keuangan_pencatatan_saldo_blu, sim_layanan_pencatatan_blu, sim_layanan_integrasi_keuangan, sim_sdm_pencatatan_sdm, sim_sdm_kinerja_sdm) 
VALUES ('232c4400-e29b-41d4-a716-446655440000', TRUE, TRUE, TRUE, TRUE, TRUE, TRUE, TRUE);

-- website table
INSERT INTO dashboard.website (id, web_uji_performa_akses, web_informasi_profil_BLU, web_informasi_layanan_BLU,web_tata_kelola_blu, web_fitur_pengaduan, web_survey_layanan) 
VALUES ('232c4400-e29b-41d4-a716-446655440000', 0.87, TRUE, TRUE, TRUE, TRUE,TRUE);

-- extramiles
INSERT INTO dashboard.extramiles (id, id_pengiriman_data, sim_mobile_layanan, web_seo,ad_sdm_khusus, ad_analisis_prediktif) 
VALUES ('232c4400-e29b-41d4-a716-446655440000', 3, TRUE, TRUE, TRUE, TRUE);

--??????

-- modernisasi_pengelolaan_blu table
INSERT INTO dashboard.modernisasi_pengelolaan_blu (periode, semester, id_user, entry_id) 
VALUES ('2024-06-30',1, '00ddc619-7a8f-42ea-ad4a-e43a8d0e4a9f', '241c4400-e29b-41d4-a716-446655440000');

-- integrasi_data table
INSERT INTO dashboard.integrasi_data (id, ID_secret_key_dev, ID_pengiriman_data_dev, ID_otomasi_pengiriman, ID_secret_key_prod, ID_pengiriman_data_prod, ID_jumlah_pengiriman_data_harian, ID_jumlah_data_keuangan, ID_jumlah_data_layanan, ID_jumlah_data_sdm, ID_jumlah_total_data) 
VALUES ('241c4400-e29b-41d4-a716-446655440000', TRUE, TRUE, TRUE, TRUE, TRUE, 365, 2, 10, 5, 17);

-- analitika_data table
INSERT INTO dashboard.analitika_data (id, AD_layanan_kinerja, AD_layanan_jumlah_pengguna, AD_layanan_trend_pemberian_layanan, AD_layanan_hasil_survey_pengguna, AD_layanan_akses_PPKBLU, AD_keuangan_realisasi_PB, AD_keuangan_jumlah_kas, AD_keuangan_saldo_rekening_blu, AD_keuangan_analisis_data_keuangan, AD_keuangan_akses_PPKBLU, AD_sdm_komposisi_sdm, AD_sdm_profil_sdm, AD_sdm_analisis_kebutuhan_pegawai, AD_sdm_analisis_beban_kerja, AD_sdm_analisis_kinerja_pegawai, AD_sdm_training_need_analysis, AD_jumlah_dashboard_pendukung) 
VALUES ('241c4400-e29b-41d4-a716-446655440000', TRUE, TRUE, TRUE, TRUE, TRUE, TRUE, TRUE, TRUE, TRUE, TRUE, TRUE, TRUE, TRUE, TRUE, TRUE, TRUE, 2);

-- sistem_informasi_manajemen table
INSERT INTO dashboard.sistem_informasi_manajemen (id, sim_keuangan_penerimaan_blu, sim_keuangan_pengeluaran_blu, sim_keuangan_pencatatan_saldo_blu, sim_layanan_pencatatan_blu, sim_layanan_integrasi_keuangan, sim_sdm_pencatatan_sdm, sim_sdm_kinerja_sdm) 
VALUES ('241c4400-e29b-41d4-a716-446655440000', TRUE, TRUE, TRUE, TRUE, TRUE, TRUE, TRUE);

-- website table
INSERT INTO dashboard.website (id, web_uji_performa_akses, web_informasi_profil_BLU, web_informasi_layanan_BLU,web_tata_kelola_blu, web_fitur_pengaduan, web_survey_layanan) 
VALUES ('241c4400-e29b-41d4-a716-446655440000', 0.87, TRUE, TRUE, TRUE, TRUE,TRUE);

-- extramiles
INSERT INTO dashboard.extramiles (id, id_pengiriman_data, sim_mobile_layanan, web_seo,ad_sdm_khusus, ad_analisis_prediktif) 
VALUES ('241c4400-e29b-41d4-a716-446655440000', 3, TRUE, TRUE, TRUE, TRUE);

-- ?????

-- modernisasi_pengelolaan_blu table
INSERT INTO dashboard.modernisasi_pengelolaan_blu (periode, semester, id_user, entry_id) 
VALUES ('2024-12-31',2, '00ddc619-7a8f-42ea-ad4a-e43a8d0e4a9f', '242c4400-e29b-41d4-a716-446655440000');

-- integrasi_data table
INSERT INTO dashboard.integrasi_data (id, ID_secret_key_dev, ID_pengiriman_data_dev, ID_otomasi_pengiriman, ID_secret_key_prod, ID_pengiriman_data_prod, ID_jumlah_pengiriman_data_harian, ID_jumlah_data_keuangan, ID_jumlah_data_layanan, ID_jumlah_data_sdm, ID_jumlah_total_data) 
VALUES ('242c4400-e29b-41d4-a716-446655440000', TRUE, TRUE, TRUE, TRUE, TRUE, 365, 2, 10, 5, 17);

-- analitika_data table
INSERT INTO dashboard.analitika_data (id, AD_layanan_kinerja, AD_layanan_jumlah_pengguna, AD_layanan_trend_pemberian_layanan, AD_layanan_hasil_survey_pengguna, AD_layanan_akses_PPKBLU, AD_keuangan_realisasi_PB, AD_keuangan_jumlah_kas, AD_keuangan_saldo_rekening_blu, AD_keuangan_analisis_data_keuangan, AD_keuangan_akses_PPKBLU, AD_sdm_komposisi_sdm, AD_sdm_profil_sdm, AD_sdm_analisis_kebutuhan_pegawai, AD_sdm_analisis_beban_kerja, AD_sdm_analisis_kinerja_pegawai, AD_sdm_training_need_analysis, AD_jumlah_dashboard_pendukung) 
VALUES ('242c4400-e29b-41d4-a716-446655440000', TRUE, TRUE, TRUE, TRUE, TRUE, TRUE, TRUE, TRUE, TRUE, TRUE, TRUE, TRUE, TRUE, TRUE, TRUE, TRUE, 2);

-- sistem_informasi_manajemen table
INSERT INTO dashboard.sistem_informasi_manajemen (id, sim_keuangan_penerimaan_blu, sim_keuangan_pengeluaran_blu, sim_keuangan_pencatatan_saldo_blu, sim_layanan_pencatatan_blu, sim_layanan_integrasi_keuangan, sim_sdm_pencatatan_sdm, sim_sdm_kinerja_sdm) 
VALUES ('242c4400-e29b-41d4-a716-446655440000', TRUE, TRUE, TRUE, TRUE, TRUE, TRUE, TRUE);

-- website table
INSERT INTO dashboard.website (id, web_uji_performa_akses, web_informasi_profil_BLU, web_informasi_layanan_BLU,web_tata_kelola_blu, web_fitur_pengaduan, web_survey_layanan) 
VALUES ('242c4400-e29b-41d4-a716-446655440000', 0.87, TRUE, TRUE, TRUE, TRUE,TRUE);

-- extramiles
INSERT INTO dashboard.extramiles (id, id_pengiriman_data, sim_mobile_layanan, web_seo,ad_sdm_khusus, ad_analisis_prediktif) 
VALUES ('242c4400-e29b-41d4-a716-446655440000', 3, TRUE, TRUE, TRUE, TRUE);



INSERT INTO dashboard.rasio_pnbp_operasional(entry_id, id_user,periode,pendapatan_jasa_layanan_masyarakat,pendapatan_jasa_layanan_entitas_lain,beban_operasional,beban_penyusutan)
VALUES ('221c4400-e29b-41d4-a716-446655440000','00ddc619-7a8f-42ea-ad4a-e43a8d0e4a9f','2022-06-30',61259835323,10384286200,95001024871,17716394040);
INSERT INTO dashboard.rasio_pnbp_operasional(entry_id, id_user,periode,pendapatan_jasa_layanan_masyarakat,pendapatan_jasa_layanan_entitas_lain,beban_operasional,beban_penyusutan)
VALUES ('222c4400-e29b-41d4-a716-446655440000','00ddc619-7a8f-42ea-ad4a-e43a8d0e4a9f','2022-12-31',71259835323,12384286200,65001024871,10716394040);
INSERT INTO dashboard.rasio_pnbp_operasional(entry_id, id_user,periode,pendapatan_jasa_layanan_masyarakat,pendapatan_jasa_layanan_entitas_lain,beban_operasional,beban_penyusutan)
VALUES ('231c4400-e29b-41d4-a716-446655440000','00ddc619-7a8f-42ea-ad4a-e43a8d0e4a9f','2023-06-30',94421898829,995994100,102943132959,15534609697);
INSERT INTO dashboard.rasio_pnbp_operasional(entry_id, id_user,periode,pendapatan_jasa_layanan_masyarakat,pendapatan_jasa_layanan_entitas_lain,beban_operasional,beban_penyusutan)
VALUES ('232c4400-e29b-41d4-a716-446655440000','00ddc619-7a8f-42ea-ad4a-e43a8d0e4a9f','2023-12-31',95421898829,925994100,101943132959,18534609697);
INSERT INTO dashboard.rasio_pnbp_operasional(entry_id, id_user,periode,pendapatan_jasa_layanan_masyarakat,pendapatan_jasa_layanan_entitas_lain,beban_operasional,beban_penyusutan)
VALUES ('241c4400-e29b-41d4-a716-446655440000','00ddc619-7a8f-42ea-ad4a-e43a8d0e4a9f','2024-06-30',96421898829,945994100,105943132959,19534609697);
INSERT INTO dashboard.rasio_pnbp_operasional(entry_id, id_user,periode,pendapatan_jasa_layanan_masyarakat,pendapatan_jasa_layanan_entitas_lain,beban_operasional,beban_penyusutan)
VALUES ('242c4400-e29b-41d4-a716-446655440000','00ddc619-7a8f-42ea-ad4a-e43a8d0e4a9f','2024-12-31',98421898829,975994100,109943132959,20534609697);